upn,eks,aws,organization
abhi,admin,fullAdmin,zuora-zcloud
siverma,admin,fullAdmin,zuora-zcloud
schaudhari,admin,fullAdmin,zuora-zcloud
stindell,admin,fullAdmin,zuora-zcloud
amoguilevski,admin,fullAdmin,zuora-zcloud
danguyen,admin,fullAdmin,zuora-zcloud
pnikzad,admin,fullAdmin,zuora-zcloud&zuora-datascience&zuora-platform
ozavorin,admin,fullAdmin,zuora-zcloud
hkalashnyk,admin,fullAdmin,zuora-zcloud
vfateyev,admin,fullAdmin,zuora-zcloud
akotsenko,admin,fullAdmin,zuora-zcloud
amalko,admin,fullAdmin,zuora-zcloud
scherednychenko,admin,fullAdmin,zuora-zcloud
ishestopalov,admin,fullAdmin,zuora-zcloud
oarabadzhy,admin,fullAdmin,zuora-zcloud
ykrestyansky,admin,fullAdmin,zuora-zcloud
oshyrokov,admin,fullAdmin,zuora-zcloud
mzmushko,admin,fullAdmin,zuora-zcloud
ssrinivasan,admin,fullAdmin,zuora-zcloud
okimenker,admin,fullAdmin,zuora-zcloud
eosman,admin,fullAdmin,zuora-zcloud
balmeidamaldonado,admin,fullAdmin,zuora-zcloud
szumbado,admin,fullAdmin,zuora-zcloud
darce,admin,readOnly,zuora-zcloud
jiangtao.liu,admin,fullAdmin,zuora-zcloud
chen.qin,admin,fullAdmin,zuora-zcloud
justin.smith,admin,fullAdmin,zuora-zcloud
smurillo,admin,fullAdmin,zuora-zcloud
rbarabas,admin,fullAdmin,zuora-zcloud
kmayeux,admin,fullAdmin,zuora-zcloud
nbidhuri,admin,fullAdmin,zuora-zcloud
agore,admin,fullAdmin,zuora-zcloud
kgovindaraj,admin,fullAdmin,zuora-zcloud
skanakaraju,admin,fullAdmin,zuora-zcloud
ssubbarayalu,admin,fullAdmin,zuora-zcloud
dahuja,admin,fullAdmin,zuora-zcloud
ngarimaldi.zteam,admin,fullAdmin,zuora-zcloud
tcole.zteam,admin,fullAdmin,zuora-zcloud
pwu,admin,fullAdmin,zuora-zcloud
egordin,admin,fullAdmin,zuora-zcloud
rananthula,admin,fullAdmin,zuora-zcloud
vpattel,admin,fullAdmin,zuora-zcloud
dalee,admin,fullAdmin,zuora-zcloud
gparwar,admin,fullAdmin,zuora-zcloud
lprasanna,admin,fullAdmin,zuora-zcloud
dmunk,admin,fullAdmin,zuora-zcloud
kduraikannu,admin,fullAdmin,zuora-zcloud
arkumar,admin,fullAdmin,zuora-zcloud
jjayaraman,admin,fullAdmin,zuora-zcloud
lborbon,admin,fullAdmin,zuora-zcloud
lisheng.liu,admin,fullAdmin,zuora-zcloud
scott.blashek,admin,fullAdmin,zuora-zcloud
joreddy,admin,fullAdmin,zuora-zcloud
sansingh,admin,fullAdmin,zuora-zcloud
ritsingh,admin,fullAdmin,zuora-zcloud
dkatre,admin,fullAdmin,zuora-zcloud&zuora-platform
nroselin,admin,fullAdmin,zuora-zcloud
rpolishetty,developer,readOnly,zuora-zcloud
sbalachandra,developer,readOnly,zuora-zcloud
vkannan,developer,readOnly,zuora-zcloud
mhazarika,developer,readOnly,zuora-zcloud
cponmudi,developer,readOnly,zuora-zcloud
dramamoorthy,developer,readOnly,zuora-zcloud
smotapothula,developer,readOnly,zuora-zcloud
gbalakrishnan,developer,readOnly,zuora-zcloud
hkunkasubramanian,developer,readOnly,zuora-zcloud
achaudhary,developer,readOnly,zuora-zcloud
mtripathy,developer,readOnly,zuora-zcloud
bshanmugasundaram,developer,readOnly,zuora-zcloud
pbaskar,developer,readOnly,zuora-zcloud
dluu,developer,readOnly,zuora-zcloud
jraghib,developer,readOnly,zuora-zcloud
jothijoseph,developer,readOnly,zuora-zcloud
annair,developer,readOnly,zuora-zcloud
mchandramouli,developer,readOnly,zuora-zcloud
apranathi,developer,readOnly,zuora-zcloud
vsai,developer,readOnly,zuora-zcloud
ukansara,developer,readOnly,zuora-zcloud
amurugesan,developer,readOnly,zuora-zcloud
sakumar,developer,readOnly,zuora-zcloud
sellis,developer,readOnly,zuora-zcloud
alaw,developer,readOnly,zuora-zcloud
abath,developer,readOnly,zuora-zcloud
erhuang,developer,readOnly,zuora-zcloud
wichan,developer,readOnly,zuora-platform
dkumaradhas,developer,readOnly,zuora-zcloud
hzhu,developer,readOnly,zuora-platform
zlouis,developer,readOnly,zuora-platform&zuora-zcloud
asadadekar,developer,readOnly,zuora-zcloud
tchandramohan,developer,readOnly,zuora-zcloud&zuora-revenue-core
hvardhan,developer,readOnly,zuora-zcloud&zuora-revenue-core
ubalamurugan,developer,readOnly,zuora-zcloud&zuora-revenue-core
tkrishnakumar,developer,readOnly,zuora-zcloud&zuora-revenue-core
rdayalan,developer,readOnly,zuora-zcloud
skrishnamurthi,developer,readOnly,zuora-zcloud
prajendiran,developer,readOnly,zuora-zcloud
mlawson,developer,readOnly,zuora-platform&zuora-zcloud
ayalmurishekar,developer,readOnly,zuora-platform&zuora-zcloud
kcambronero,developer,readOnly,zuora-zcloud
hchiang,developer,readOnly,zuora-zcloud
bjustice.zteam,developer,readOnly,zuora-zcloud
sigupta,developer,readOnly,zuora-zcloud
abeyerlein,developer,readOnly,zuora-zcloud&zuora-platform
nkeshidi,developer,readOnly,zuora-zcloud
dmunshi,developer,readOnly,zuora-zcloud
yye,developer,readOnly,zuora-zcloud
ysuo,developer,readOnly,zuora-zcloud
bkues,developer,readOnly,zuora-platform
pmikitsh,developer,readOnly,zuora-platform
ak,developer,readOnly,zuora-revenue-core
dwilson,developer,readOnly,zuora-platform
chlu,developer,readOnly,zuora-platform
abarashev,developer,readOnly,zuora-cornerstone
guili.guo,developer,readOnly,zuora-platform
rkumar,developer,readOnly,zuora-platform
bsheddy,developer,readOnly,zuora-platform
mdai,developer,readOnly,zuora-platform
clockhart,developer,readOnly,zuora-platform
vbaalaji,developer,readOnly,zuora-platform
knaidoo,developer,readOnly,zuora-platform
abalasubramanian,developer,readOnly,zuora-platform
xmao,developer,readOnly,zuora-platform
yaliu,developer,readOnly,zuora-platform
taylor.medford,developer,readOnly,zuora-platform
awolf,developer,readOnly,zuora-platform
sathkumar,developer,readOnly,zuora-platform
twosum,developer,fullAdmin,zuora-zcloud
rosa,developer,readOnly,zuora-zcloud
lucy,developer,readOnly,zuora-zcloud&zuora-collect
rebecca,admin,readOnly,zuora-zcloud
publix,developer,fullAdmin,zuora-zcloud
oa,admin,readOnly,zuora-collect
asvv,admin,fullAdmin,zuora-revenue-core
vfv,admin,fullAdmin,zuora-platform
